,datas
0,Flower
1,Fresh Flower
2,Flower - Wikipedia
3,"300,000+ Flowers Images & Flower Photos [HD] - Pixabay"
4,Lisieux Flowers
5,Rosa Flowermart
6,Rosa Florist and Floral Decors
7,"flower | Definition, Anatomy, Physiology, & Facts - Encyclopedia ..."
8,Fresh Flowers @399 | Online Florist - FNP - Ferns N Petals
9,Send Flowers To India | Online Flower Delivery - Bloomsvilla
10,Delivering Smiles To Your Loved Ones Across India - FlowerAura.com
11,"Online Flower Delivery: Send Flowers India, Order Flowers - IGP.com."
12,Same Day Flower Delivery Gifts - Interflora India
13,"Online Flowers Delivery: Send Flowers to India, Order Flowers ..."
